{"cameraMode":{"drawMode":0,"name":"Shaded","section":"Shading Mode"},"sceneLighting":true,"audioPlay":false,"sceneViewState":{"showFog":true,"showMaterialUpdate":false,"showSkybox":true,"showFlares":true,"showImageEffects":true,"showParticleSystems":true},"in2DMode":false,"pivot":{"x":0.29095587134361269,"y":2.296468734741211,"z":-4.165290832519531},"rotation":{"x":-0.3027377426624298,"y":-0.014295099303126336,"z":0.004541307222098112,"w":-0.9529558420181274},"size":26.871660232543947,"orthographic":false}